Name,Search Name,Search Phrase 1,Search Phrase 2,Search Phrase 3,Search Phrase 4,Search Phrase 5
Chris DeAngelis,Sink Competitors,elkay sink,kohler sink,kraus sink,delta sink,deer valley sink
Chris DeAngelis,Drinking Water,drinking fountain,bubbler,water bottle refill,smartwell,
Chris DeAngelis,Faucets,elkay faucet,moen faucet,kohler faucet,delta faucet,
Chris DeAngelis,Elkay Brands,elkay,halsey taylor,dayton,Mr. Direct,Glacier Bay
Chris DeAngelis,Elkay Brands,smartwell,elkay mrd,elkay kingsford,elkay fseq,elkay mainline
Chris DeAngelis,Elkay Brands,elkay lkc/ht,PHYLRICH,REVERE,SERVICE,SILVERCAST
Chris DeAngelis,Elkay Brands,Elkay ssp,Elkay webert,,,
Chris DeAngelis,Elkay Products - Old,Elkay ACCESSORY,Elkay BOTTLE FILLING STATION,Elkay CHILLER,Elkay CIS,Elkay COOLER
Chris DeAngelis,Elkay Products - Old,Elkay DISH TABLE,Elkay FAUCET,Elkay FILTRATION,Elkay FLOOR DRAINAGE,Elkay FOUNTAIN
Chris DeAngelis,Elkay Products - Old,Elkay HEATING,Elkay POINT OF USE,Elkay REPLACEMENT PARTS,Elkay SERVICE,Elkay SINK
Chris DeAngelis,Elkay Products - Old,Elkay STAND,Elkay STORAGE,Elkay UNDERBAR,Elkay VENTILATION,Elkay WORK TABLE
Kristi Belter,ADA Sink,Dart Canyon Sink,Kohler ADA Sink,Home Depot ADA Sink,Lowes ADA Sink,Bath Outlet ADA Sink
Chris DeAngelis,Elkay Products,Elkay Bottle Filler,Elkay Celebrity,Elkay Classroom,Elkay Faucet,Elkay Cooler
Chris DeAngelis,Elkay Products,Elkay ADA Sink,Elkay Fountain,Elkay Crosstown,Dayton Sink,Elkay Drinking Water
Chris DeAngelis,Elkay Products,Elkay ezh2o,Elkay filtration,Elkay Fireclay,Halsey Taylor,Elkay Lustertone
Chris DeAngelis,Elkay Products,Elkay Outdoor,Elkay Point of Use,Smartwell,Elkay Watercenter,
Chris DeAngelis,Sink Types,Top Mount Sink,Undermount Sink,Double Basin Sink,Single Basin Sink,Integrated Sink
Chris DeAngelis,Sink Types,Farmhouse Sink,Drainboard Sink,Low Divider Sink,Prep Sink,Corner Sink
Chris DeAngelis,Store Preference,Elkay Amazon,Elkay Home Depot,Elkay Lowes,Elkay Grainger,Elkay MRD
Chris DeAngelis,Elkay Product Types,Elkay Stainless Steel,Elkay Quartz,Elkay Fireclay,Elkay Farmhouse,Elkay ADA
Chris DeAngelis,Industry Product Types,Steel Sinks,Quartz Sinks,Fireclay Sinks,Farmhouse Sinks,ADA Sinks
Chris DeAngelis,Industry Drinking Water,Water Station,Office Water,Water Bottle Station,Water Dispenser,Water Center
Chris DeAngelis,Remodel,Kitchen Remodel,Home Remodel,Bathroom Remodel,Sink Remodel,Office Remodel
Chris DeAngelis,Elkay Retailers,Elkay Home Depot,Elkay Lowes,Elkay Amazon,Elkay Wayfair,Elkay Ferguson
Chris DeAngelis,Elkay Retailers,Elkay AJ Madison,Elka Build,Elkay Faucet.com,Elkay Qualitybath,Elkay Zoro
Jeff Serafin,Brand Terms,elkay,halsey taylor,Smartwell,,
Jeff Serafin,Sink Terms,ada sink,apron front sink,apron sink,apron sinks,bar sink
Jeff Serafin,Sink Terms,barn house sinks,barn sinks,barroom sink,classroom sink,clay sinks
Jeff Serafin,Sink Terms,Commercial Sink,composite sink,country sinks,country style sink,dart canyon sink
Jeff Serafin,Sink Terms,dayton sinks,double bowl sinks,drop in sink,farmhouse sink,fireclay sinks
Jeff Serafin,Sink Terms,food service sink,granite sink,kitchen sink,office sinks,places to buy sinks
Jeff Serafin,Sink Terms,residential sinks,scullery sink,sink and,sink apron front,sink basin stainless steel
Jeff Serafin,Sink Terms,sink brand,sink clay,sink colors,sink companies,sink country
Jeff Serafin,Sink Terms,sink double kitchen,sink drop,sink for,sink for sale near me,sink in quartz
Jeff Serafin,Sink Terms,sink manufacturers,sink manufacturers near me,sink manufacturers usa,sink sales,sink sinks
Jeff Serafin,Sink Terms,sink specs,sink stainless steel kitchen,sink supplier,sink usa,sink w
Jeff Serafin,Sink Terms,sinkology sink,sinks,sinks deep,sinks for sale kitchen,sinks with faucets
Jeff Serafin,Sink Terms,ss sinks,stainless apron front sink,stainless apron sinks,stainless barn sink,stainless sink
Jeff Serafin,Sink Terms,stainless square sink,stainless steel apron,stainless steel apron sinks,stainless steel barn sink,stainless steel country sink
Jeff Serafin,Sink Terms,stainless steel sink,types of apron sinks,um sink,under counter sink,undermount sink
Jeff Serafin,Filler Fountain Terms,bottle filler,BOTTLE FILLING STATION,Bottle Filling Stations,bottle refilling station,bottle station
Jeff Serafin,Filler Fountain Terms,bottle water filler,drinking fountain,drinking stations,drinking water accessories,drinking water bubbler
Jeff Serafin,Filler Fountain Terms,drinking water fountain,ez h20,ezh20,filtered water station,fountain cooler
Jeff Serafin,Filler Fountain Terms,hydration station,in wall filtered water dispenser,in wall water cooler,outdoor drinking faucet,outdoor water coolers
Jeff Serafin,Filler Fountain Terms,recessed water dispenser,sensor water cooler,touchless water bottle,touchless water dispenser for schools,wall mounted drinking water tap
Jeff Serafin,Filler Fountain Terms,wall mounted filtered water dispenser,wall mounted water cooler,wall mounted water cooler dispenser,wall mounted water dispenser,wall water dispenser
Jeff Serafin,Filler Fountain Terms,water bottle refilling station,water bottle stations,water bubblers,Water Chiller,water cooler bubbler
Jeff Serafin,Filler Fountain Terms,Water Coolers,water dispenser,water fillers,water filling station,water fountain cooler
Jeff Serafin,Filler Fountain Terms,water fountain dispenser,water station,water stations,,
